{"options":{"check_for_updates":true,"comment":null,"compatopts_for_requires":true,"compat_wrappedjsobject":false,"compat_metadata":false,"compat_foreach":false,"compat_prototypes":false,"noframes":null,"run_at":null,"override":{"use_includes":[],"orig_includes":[],"merge_includes":true,"use_matches":[],"orig_matches":["https://www.youlikehits.com/youtube2.php*"],"merge_matches":true,"use_excludes":[],"orig_excludes":[],"merge_excludes":true,"use_connects":[],"merge_connects":true,"use_blockers":[],"orig_run_at":"document-idle","orig_noframes":null,"orig_connects":[]}},"settings":{"enabled":true,"position":2},"meta":{"name":"YouLikeHits","uuid":"36ee5abc-d80b-424b-ac63-8b97a7f60e2f","modified":1628662682197}}