{"options":{"check_for_updates":true,"comment":null,"compatopts_for_requires":true,"compat_wrappedjsobject":false,"compat_metadata":false,"compat_foreach":false,"compat_prototypes":false,"noframes":null,"run_at":null,"override":{"use_includes":[],"orig_includes":[],"merge_includes":true,"use_matches":[],"orig_matches":["https://www.youtube.com/channel/*"],"merge_matches":true,"use_excludes":[],"orig_excludes":[],"merge_excludes":true,"use_connects":[],"merge_connects":true,"use_blockers":[],"orig_run_at":"document-idle","orig_noframes":null,"orig_connects":[]}},"settings":{"enabled":true,"position":1},"meta":{"name":"YouTube","uuid":"2c4836b2-6cd0-4c97-86fe-3ae0ae0f51c9","modified":1628662668983}}